-- phpMyAdmin SQL Dump
-- version 5.2.1
-- https://www.phpmyadmin.net/
--
-- Host: 127.0.0.1
-- Generation Time: Feb 05, 2024 at 02:28 PM
-- Server version: 10.4.28-MariaDB
-- PHP Version: 8.0.28

SET SQL_MODE = "NO_AUTO_VALUE_ON_ZERO";
START TRANSACTION;
SET time_zone = "+00:00";


/*!40101 SET @OLD_CHARACTER_SET_CLIENT=@@CHARACTER_SET_CLIENT */;
/*!40101 SET @OLD_CHARACTER_SET_RESULTS=@@CHARACTER_SET_RESULTS */;
/*!40101 SET @OLD_COLLATION_CONNECTION=@@COLLATION_CONNECTION */;
/*!40101 SET NAMES utf8mb4 */;

--
-- Database: `db_berlex`
--

-- --------------------------------------------------------

--
-- Table structure for table `tbl_admin`
--

CREATE TABLE `tbl_admin` (
  `accountID` int(10) NOT NULL,
  `name` varchar(255) NOT NULL,
  `password` varchar(255) NOT NULL,
  `role` varchar(255) DEFAULT NULL
) ENGINE=InnoDB DEFAULT CHARSET=utf8mb4 COLLATE=utf8mb4_general_ci;

--
-- Dumping data for table `tbl_admin`
--

INSERT INTO `tbl_admin` (`accountID`, `name`, `password`, `role`) VALUES
(202311001, 'Mark C. Perando', 'admin001', 'admin');

-- --------------------------------------------------------

--
-- Table structure for table `tbl_amilyar`
--

CREATE TABLE `tbl_amilyar` (
  `amilyarID` int(11) NOT NULL,
  `accountID` int(11) NOT NULL,
  `amount` int(11) NOT NULL,
  `status` varchar(255) NOT NULL,
  `date-of-payment` date DEFAULT NULL,
  `year` int(10) NOT NULL
) ENGINE=InnoDB DEFAULT CHARSET=utf8mb4 COLLATE=utf8mb4_general_ci;

--
-- Dumping data for table `tbl_amilyar`
--

INSERT INTO `tbl_amilyar` (`amilyarID`, `accountID`, `amount`, `status`, `date-of-payment`, `year`) VALUES
(1, 202311001, 100, 'Paid', NULL, 2023),
(2, 202311002, 100, 'Paid', NULL, 2023),
(3, 202311003, 100, 'Paid', NULL, 2023),
(4, 202311004, 100, 'Unpaid', NULL, 2023),
(5, 202311005, 100, 'Unpaid', NULL, 2023),
(6, 202311006, 100, 'Unpaid', NULL, 2023),
(7, 202311007, 100, 'Unpaid', NULL, 2023),
(8, 202311008, 100, 'Unpaid', NULL, 2023),
(9, 202311009, 100, 'Unpaid', NULL, 2023),
(10, 202311010, 100, 'Unpaid', NULL, 2023),
(11, 202311001, 100, 'Unpaid', NULL, 2024),
(12, 202311002, 100, 'Unpaid', NULL, 2024),
(13, 202311003, 100, 'Unpaid', NULL, 2024),
(14, 202311004, 100, 'Unpaid', NULL, 2024),
(15, 202311005, 100, 'Unpaid', NULL, 2024),
(16, 202311006, 100, 'Unpaid', NULL, 2024),
(17, 202311007, 100, 'Unpaid', NULL, 2024),
(18, 202311008, 100, 'Unpaid', NULL, 2024),
(19, 202311009, 100, 'Unpaid', NULL, 2024),
(20, 202311010, 100, 'Unpaid', NULL, 2024),
(21, 202311011, 100, 'Unpaid', '0000-00-00', 2023),
(22, 202311012, 100, 'Unpaid', '0000-00-00', 2023),
(23, 202311013, 100, 'Unpaid', '0000-00-00', 2023),
(24, 202311014, 100, 'Unpaid', '0000-00-00', 2023),
(25, 202311015, 100, 'Unpaid', '0000-00-00', 2023),
(26, 202311016, 100, 'Unpaid', '0000-00-00', 2023),
(27, 202311017, 100, 'Unpaid', '0000-00-00', 2023),
(28, 202311018, 100, 'Unpaid', '0000-00-00', 2023),
(29, 202311019, 100, 'Unpaid', '0000-00-00', 2023),
(30, 202311020, 100, 'Unpaid', '0000-00-00', 2023),
(31, 202311021, 100, 'Unpaid', '0000-00-00', 2023),
(32, 202311022, 100, 'Unpaid', '0000-00-00', 2023),
(33, 202311023, 100, 'Unpaid', '0000-00-00', 2023),
(34, 202311024, 100, 'Unpaid', '0000-00-00', 2023),
(35, 202311025, 100, 'Unpaid', '0000-00-00', 2023),
(36, 202311026, 100, 'Unpaid', '0000-00-00', 2023),
(37, 202311027, 100, 'Unpaid', '0000-00-00', 2023),
(38, 202311028, 100, 'Unpaid', '0000-00-00', 2023),
(39, 202311029, 100, 'Unpaid', '0000-00-00', 2023),
(40, 202311030, 100, 'Unpaid', '0000-00-00', 2023),
(41, 202311031, 100, 'Unpaid', '0000-00-00', 2023),
(42, 202311032, 100, 'Unpaid', '0000-00-00', 2023),
(43, 202311033, 100, 'Unpaid', '0000-00-00', 2023),
(44, 202311034, 100, 'Unpaid', '0000-00-00', 2023),
(45, 202311035, 100, 'Unpaid', '0000-00-00', 2023),
(46, 202311036, 100, 'Unpaid', '0000-00-00', 2023),
(47, 202311037, 100, 'Unpaid', '0000-00-00', 2023),
(48, 202311038, 100, 'Unpaid', '0000-00-00', 2023),
(49, 202311039, 100, 'Unpaid', '0000-00-00', 2023),
(50, 202311040, 100, 'Unpaid', '0000-00-00', 2023),
(101, 202411021, 100, 'Unpaid', '0000-00-00', 2024),
(102, 202411022, 100, 'Unpaid', '0000-00-00', 2024),
(103, 202411023, 100, 'Unpaid', '0000-00-00', 2024),
(104, 202411024, 100, 'Unpaid', '0000-00-00', 2024),
(105, 202411025, 100, 'Unpaid', '0000-00-00', 2024),
(106, 202411026, 100, 'Unpaid', '0000-00-00', 2024),
(107, 202411027, 100, 'Unpaid', '0000-00-00', 2024),
(108, 202411028, 100, 'Unpaid', '0000-00-00', 2024),
(109, 202411029, 100, 'Unpaid', '0000-00-00', 2024),
(110, 202411030, 100, 'Unpaid', '0000-00-00', 2024),
(111, 202411031, 100, 'Unpaid', '0000-00-00', 2024),
(112, 202411032, 100, 'Unpaid', '0000-00-00', 2024),
(113, 202411033, 100, 'Unpaid', '0000-00-00', 2024),
(114, 202411034, 100, 'Unpaid', '0000-00-00', 2024),
(115, 202411035, 100, 'Unpaid', '0000-00-00', 2024),
(116, 202411036, 100, 'Unpaid', '0000-00-00', 2024),
(117, 202411037, 100, 'Unpaid', '0000-00-00', 2024),
(118, 202411038, 100, 'Unpaid', '0000-00-00', 2024),
(119, 202411039, 100, 'Unpaid', '0000-00-00', 2024),
(120, 202411040, 100, 'Unpaid', '0000-00-00', 2024);

-- --------------------------------------------------------

--
-- Table structure for table `tbl_budget`
--

CREATE TABLE `tbl_budget` (
  `budgetID` int(10) NOT NULL,
  `yearID` int(10) DEFAULT NULL,
  `total_budget` int(50) DEFAULT NULL
) ENGINE=InnoDB DEFAULT CHARSET=utf8mb4 COLLATE=utf8mb4_general_ci;

--
-- Dumping data for table `tbl_budget`
--

INSERT INTO `tbl_budget` (`budgetID`, `yearID`, `total_budget`) VALUES
(1, 2023, 1500000);

-- --------------------------------------------------------

--
-- Table structure for table `tbl_communityfeedback`
--

CREATE TABLE `tbl_communityfeedback` (
  `feedbackID` int(11) NOT NULL,
  `accountID` int(11) NOT NULL,
  `type` varchar(10) NOT NULL,
  `message` varchar(255) NOT NULL,
  `date` date NOT NULL,
  `status` varchar(255) NOT NULL
) ENGINE=InnoDB DEFAULT CHARSET=utf8mb4 COLLATE=utf8mb4_general_ci;

--
-- Dumping data for table `tbl_communityfeedback`
--

INSERT INTO `tbl_communityfeedback` (`feedbackID`, `accountID`, `type`, `message`, `date`, `status`) VALUES
(2, 202311006, 'Suggestion', 'ASDASDASDASDASDAS', '2024-02-04', 'Unread'),
(3, 202311006, 'Suggestion', 'ASDASDASDASDASDASDAS', '2024-02-04', 'Unread'),
(4, 202311006, 'Suggestion', 'ASDASDADASDASDASDASDASSDAS', '2024-02-04', 'Unread'),
(5, 202311006, 'Suggestion', 'ASDASDASDAS', '2024-02-04', 'Unread'),
(6, 0, 'Suggestion', 'ASDASDASDAS', '2024-02-04', 'Unread'),
(7, 0, 'Concern', 'asdasdasdasdas', '2024-02-04', 'Unread'),
(8, 0, 'Concern', 'asdasdasdasdasdas', '2024-02-04', 'Unread'),
(9, 0, 'Concern', 'bakit kame may limang panel sana mag ka meeting sila bukas', '2024-02-04', 'Unread'),
(10, 0, 'Concern', 'hggfjgjhjhgjhgj', '2024-02-05', 'Unread'),
(11, 202311006, 'Concern', 'kugkjgkjgkjg', '2024-02-05', 'Unread');

-- --------------------------------------------------------

--
-- Table structure for table `tbl_donation`
--

CREATE TABLE `tbl_donation` (
  `donationID` int(10) NOT NULL,
  `donator` varchar(255) NOT NULL,
  `amount` int(100) NOT NULL,
  `date` date NOT NULL,
  `officialCopy` blob NOT NULL
) ENGINE=InnoDB DEFAULT CHARSET=utf8mb4 COLLATE=utf8mb4_general_ci;

--
-- Dumping data for table `tbl_donation`
--

INSERT INTO `tbl_donation` (`donationID`, `donator`, `amount`, `date`, `officialCopy`) VALUES
(11, 'Local Barangay', 5000, '2024-02-01', 0x7265616c69737469632d726563656970742d74656d706c6174655f32332d323134373933383535302e61766966),
(12, 'Local Government ', 100000, '2024-02-05', 0x726563656970742d74656d706c6174652d75732d636c61737369632d77686974652d37353070782e706e67);

-- --------------------------------------------------------

--
-- Table structure for table `tbl_expenses`
--

CREATE TABLE `tbl_expenses` (
  `expenseID` int(10) NOT NULL,
  `yearID` int(10) DEFAULT NULL,
  `date` datetime DEFAULT NULL,
  `expenseName` varchar(50) DEFAULT NULL,
  `amount` varchar(50) DEFAULT NULL,
  `proof` blob DEFAULT NULL
) ENGINE=InnoDB DEFAULT CHARSET=utf8mb4 COLLATE=utf8mb4_general_ci;

--
-- Dumping data for table `tbl_expenses`
--

INSERT INTO `tbl_expenses` (`expenseID`, `yearID`, `date`, `expenseName`, `amount`, `proof`) VALUES
(22, NULL, '2024-02-15 00:00:00', 'Labor Costs for Building New Street Lights', '5000', 0x70686f746f5f323032332d30332d30345f31392d35392d32352e6a7067);

-- --------------------------------------------------------

--
-- Table structure for table `tbl_homeowners`
--

CREATE TABLE `tbl_homeowners` (
  `accountID` int(10) NOT NULL,
  `name` varchar(255) NOT NULL,
  `blk` int(10) DEFAULT NULL,
  `lot` int(10) DEFAULT NULL,
  `password` varchar(255) NOT NULL,
  `role` varchar(255) DEFAULT NULL
) ENGINE=InnoDB DEFAULT CHARSET=utf8mb4 COLLATE=utf8mb4_general_ci;

--
-- Dumping data for table `tbl_homeowners`
--

INSERT INTO `tbl_homeowners` (`accountID`, `name`, `blk`, `lot`, `password`, `role`) VALUES
(202311001, 'Mark Perando', 1, 1, 'mark001', 'ADMIN'),
(202311002, 'Marivic Miquiabas', 1, 2, 'marivic002', 'USER'),
(202311003, 'Felipe Carillo ', 1, 3, 'felipe003', 'ADMIN'),
(202311004, 'Albert Retuya', 1, 4, 'albert004', 'ADMIN'),
(202311005, 'Leny Basmayor', 1, 5, 'leny005', 'ADMIN'),
(202311006, 'Gil Basmayor', 1, 6, 'gil006', 'USER'),
(202311007, 'Vivian Boridas', 1, 7, 'vivian007', 'USER'),
(202311008, 'Elvie Barsaga', 1, 8, 'elvie008', 'USER'),
(202311009, 'Mark Regalado', 1, 9, 'mark009', 'ADMIN'),
(202311010, 'Homer Basmayor', 1, 10, 'homer010', 'USER'),
(202311011, 'Joey Reyes', 2, 11, 'joey011', 'USER'),
(202311012, 'Kenneth Bilolo', 2, 12, 'kenneth012', 'USER'),
(202311013, 'Randy Dela Cruz', 2, 13, 'randy013', 'USER'),
(202311014, 'Pedro Quinones', 2, 14, 'pedro013', 'USER'),
(202311015, 'Romeo Delmundo', 2, 15, 'romeo015', 'USER'),
(202311016, 'Kenneth Delos Reyes', 2, 16, 'kenneth016', 'USER'),
(202311017, 'Jade Moral', 2, 17, 'jade017', 'USER'),
(202311018, 'James Fiestada', 2, 18, 'james018', 'USER'),
(202311019, 'Mike Bueno', 2, 19, 'mike019', 'USER'),
(202311020, 'Alfred Espares', 2, 20, 'alfred020', 'USER'),
(202311021, 'Erick De Leon ', 3, 21, 'erick021', 'USER'),
(202311022, 'Jebel Ibe', 3, 22, 'jebel001', 'USER'),
(202311023, 'Francis Cutanda', 3, 23, 'francis023', 'USER'),
(202311024, 'Ren Ganzon', 3, 24, 'ren024', 'USER'),
(202311025, 'Daryl Sumalde', 3, 25, 'daryl025', 'USER'),
(202311026, 'Jethro Libis', 3, 26, 'jethro026', 'USER'),
(202311027, 'Raymart Santiago', 3, 27, 'raymart027', 'USER'),
(202311028, 'Elvis Trinidad', 3, 28, 'elvis028', 'USER'),
(202311029, 'Adam Umali', 3, 29, 'adam029', 'USER'),
(202311030, 'Jayvie Araque', 3, 30, 'jayvie030', 'USER'),
(202311031, 'Belen Barsaga', 4, 31, 'belen031', 'USER'),
(202311032, 'Excel Bonaobra', 4, 32, 'excel032', 'USER'),
(202311033, 'Dante Garbo', 4, 33, 'dante033', 'USER'),
(202311034, 'Michael Miranda', 4, 34, 'michael034', 'USER'),
(202311035, 'Julian Bragaiz', 4, 35, 'julian035', 'USER'),
(202311036, 'Christian Samuel ', 4, 36, 'christian036', 'USER'),
(202311037, 'Richard Boridas ', 4, 37, 'richard037', 'USER'),
(202311038, 'Lewis Hilaga', 4, 38, 'lewis038', 'USER'),
(202311039, 'Salome Bilolo', 4, 39, 'salome039', 'USER'),
(202311040, 'Chris Oliver ', 4, 40, 'chris040', 'USER');

-- --------------------------------------------------------

--
-- Table structure for table `tbl_legal`
--

CREATE TABLE `tbl_legal` (
  `legalID` int(11) NOT NULL,
  `title` varchar(255) NOT NULL,
  `date` date NOT NULL,
  `officialCopy` longblob DEFAULT NULL
) ENGINE=InnoDB DEFAULT CHARSET=utf8mb4 COLLATE=utf8mb4_general_ci;

--
-- Dumping data for table `tbl_legal`
--

INSERT INTO `tbl_legal` (`legalID`, `title`, `date`, `officialCopy`) VALUES
(101, 'Lot Title and Forms', '2024-01-11', ''),
(1, 'Deed of Restrictions', '2023-01-10', 0x446f63756d656e7420636f6e74656e7420696e2062696e61727920666f726d617420666f722044656564206f66205265737472696374696f6e732e),
(2, 'Bylaws of the Homeowners Association', '2023-02-20', 0x446f63756d656e7420636f6e74656e7420696e2062696e61727920666f726d617420666f722042796c6177732e),
(3, 'Community Covenants', '2023-03-15', 0x446f63756d656e7420636f6e74656e7420696e2062696e61727920666f726d617420666f7220436f6d6d756e69747920436f76656e616e74732e),
(4, 'Articles of Incorporation', '2023-04-05', 0x446f63756d656e7420636f6e74656e7420696e2062696e61727920666f726d617420666f722041727469636c6573206f6620496e636f72706f726174696f6e2e),
(5, 'Amendment to Bylaws', '2023-05-12', 0x446f63756d656e7420636f6e74656e7420696e2062696e61727920666f726d617420666f7220416d656e646d656e7420746f2042796c6177732e);

-- --------------------------------------------------------

--
-- Table structure for table `tbl_meeting`
--

CREATE TABLE `tbl_meeting` (
  `meetingID` int(11) NOT NULL,
  `title` varchar(255) NOT NULL,
  `date` date NOT NULL,
  `minutes` longblob DEFAULT NULL,
  `transcript` longblob DEFAULT NULL
) ENGINE=InnoDB DEFAULT CHARSET=utf8mb4 COLLATE=utf8mb4_general_ci;

--
-- Dumping data for table `tbl_meeting`
--

INSERT INTO `tbl_meeting` (`meetingID`, `title`, `date`, `minutes`, `transcript`) VALUES
(105, 'Board Meeting - Monthly Review', '2023-02-15', 0x4d696e7574657320666f7220746865206d6f6e74686c7920626f617264206d656574696e672077696c6c206265207265636f7264656420616e64206469736375737365642e, 0x5472616e7363726970742077696c6c2062652070726f766964656420647572696e6720746865206d656574696e672e),
(106, 'Committee Meeting - Community Events Planning', '2023-03-10', 0x4167656e646120696e636c7564657320706c616e6e696e6720666f72207570636f6d696e6720636f6d6d756e697479206576656e74732e, 0x5472616e73637269707420746f20636170747572652064697363757373696f6e73206f6e206576656e74206c6f6769737469637320616e6420636f6f7264696e6174696f6e2e),
(107, 'Homeowners Association Annual General Meeting', '2023-04-05', 0x416e6e75616c207265706f72742070726573656e746174696f6e20616e6420766f74696e67206f6e206b6579207265736f6c7574696f6e732e, 0x5472616e73637269707420746f2062652073686172656420666f7220636f6d70726568656e7369766520646f63756d656e746174696f6e2e),
(108, 'Finance Committee Meeting - Budget Approval', '2023-05-20', 0x4167656e646120666f6375736564206f6e206275646765742070726f706f73616c2072657669657720616e6420617070726f76616c2070726f636573732e, 0x5472616e73637269707420696e636c756465732064697363757373696f6e73206f6e2066696e616e6369616c20616c6c6f636174696f6e732e),
(109, 'Special Board Meeting - Emergency Preparedness', '2023-06-15', 0x44697363757373696f6e206f6e20656d657267656e63792070726570617265646e657373206d6561737572657320616e6420636f6d6d756e69747920726573706f6e736520706c616e732e, 0x5472616e73637269707420746f20636170747572652064656c696265726174696f6e73206f6e207361666574792070726f746f636f6c732e);

-- --------------------------------------------------------

--
-- Table structure for table `tbl_monthly`
--

CREATE TABLE `tbl_monthly` (
  `dueID` int(11) NOT NULL,
  `accountID` int(11) NOT NULL,
  `amount` int(11) DEFAULT 100,
  `date-of-payment` date DEFAULT NULL,
  `status` varchar(255) NOT NULL DEFAULT 'Unpaid',
  `year` int(10) NOT NULL,
  `month` int(255) NOT NULL
) ENGINE=InnoDB DEFAULT CHARSET=utf8mb4 COLLATE=utf8mb4_general_ci;

--
-- Dumping data for table `tbl_monthly`
--

INSERT INTO `tbl_monthly` (`dueID`, `accountID`, `amount`, `date-of-payment`, `status`, `year`, `month`) VALUES
(10001, 202311001, 100, '2024-02-05', 'Paid', 2023, 1),
(10002, 202311002, 100, '2024-02-20', 'Paid', 2023, 1),
(10004, 202311003, 100, '2024-02-13', 'Paid', 2023, 1),
(10005, 202311004, 100, '2024-02-13', 'Paid', 2023, 1),
(10006, 202311005, 100, '2024-02-06', 'Paid', 2023, 1),
(10007, 202311006, 100, '2024-02-12', 'Paid', 2023, 1),
(10008, 202311007, 100, '2024-02-26', 'Paid', 2023, 1),
(10009, 202311008, 100, '2024-02-14', 'Paid', 2023, 1),
(10010, 202311009, 100, '2024-02-05', 'Paid', 2023, 1),
(10011, 202311010, 100, '0000-00-00', 'Unpaid', 2023, 1),
(10012, 202311001, 100, '0000-00-00', 'Exempted', 2023, 2),
(10013, 202311002, 100, '2024-02-05', 'Paid', 2023, 2),
(10014, 202311003, 100, '0000-00-00', 'Paid', 2023, 2),
(10015, 202311004, 100, '0000-00-00', 'Unpaid', 2023, 2),
(10016, 202311005, 100, '0000-00-00', 'Unpaid', 2023, 2),
(10017, 202311006, 100, '2024-02-13', 'Paid', 2023, 2),
(10018, 202311007, 100, '0000-00-00', 'Unpaid', 2023, 2),
(10019, 202311008, 100, '2024-02-14', 'Paid', 2023, 2),
(10020, 202311009, 100, '0000-00-00', 'Unpaid', 2023, 2),
(10021, 202311010, 100, '0000-00-00', 'Unpaid', 2023, 2),
(10022, 202311001, 100, '2024-02-07', 'Paid', 2023, 3),
(10023, 202311002, 100, '2024-02-06', 'Paid', 2023, 3),
(10024, 202311003, 100, '2024-02-06', 'Paid', 2023, 3),
(10025, 202311004, 100, '2024-02-13', 'Paid', 2023, 3),
(10026, 202311005, 100, '0000-00-00', 'Unpaid', 2023, 3),
(10027, 202311006, 100, '0000-00-00', 'Unpaid', 2023, 3),
(10028, 202311007, 100, '0000-00-00', 'Unpaid', 2023, 3),
(10029, 202311008, 100, '0000-00-00', 'Unpaid', 2023, 3),
(10030, 202311009, 100, '0000-00-00', 'Unpaid', 2023, 3),
(10031, 202311010, 100, '0000-00-00', 'Unpaid', 2023, 3),
(10127, 202311001, 100, '2024-02-22', 'Paid', 2023, 4),
(10128, 202311002, 100, '0000-00-00', 'Unpaid', 2023, 4),
(10129, 202311003, 100, '0000-00-00', 'Unpaid', 2023, 4),
(10130, 202311004, 100, '0000-00-00', 'Unpaid', 2023, 4),
(10131, 202311005, 100, '0000-00-00', 'Unpaid', 2023, 4),
(10132, 202311006, 100, '0000-00-00', 'Unpaid', 2023, 4),
(10133, 202311007, 100, '0000-00-00', 'Unpaid', 2023, 4),
(10134, 202311008, 100, '0000-00-00', 'Unpaid', 2023, 4),
(10135, 202311009, 100, '0000-00-00', 'Unpaid', 2023, 4),
(10136, 202311010, 100, '0000-00-00', 'Unpaid', 2023, 4),
(10137, 202311001, 100, '0000-00-00', 'Unpaid', 2023, 5),
(10138, 202311002, 100, '0000-00-00', 'Unpaid', 2023, 5),
(10139, 202311003, 100, '0000-00-00', 'Unpaid', 2023, 5),
(10140, 202311004, 100, '0000-00-00', 'Unpaid', 2023, 5),
(10141, 202311005, 100, '0000-00-00', 'Unpaid', 2023, 5),
(10142, 202311006, 100, '0000-00-00', 'Unpaid', 2023, 5),
(10143, 202311007, 100, '0000-00-00', 'Unpaid', 2023, 5),
(10144, 202311008, 100, '0000-00-00', 'Unpaid', 2023, 5),
(10145, 202311009, 100, '0000-00-00', 'Unpaid', 2023, 5),
(10146, 202311010, 100, '0000-00-00', 'Unpaid', 2023, 5),
(10147, 202311001, 100, '0000-00-00', 'Unpaid', 2023, 6),
(10148, 202311002, 100, '0000-00-00', 'Unpaid', 2023, 6),
(10149, 202311003, 100, '0000-00-00', 'Unpaid', 2023, 6),
(10150, 202311004, 100, '0000-00-00', 'Unpaid', 2023, 6),
(10151, 202311005, 100, '0000-00-00', 'Unpaid', 2023, 6),
(10152, 202311006, 100, '2024-02-05', 'Paid', 2023, 6),
(10153, 202311007, 100, '0000-00-00', 'Unpaid', 2023, 6),
(10154, 202311008, 100, '0000-00-00', 'Unpaid', 2023, 6),
(10155, 202311009, 100, '0000-00-00', 'Unpaid', 2023, 6),
(10156, 202311010, 100, '0000-00-00', 'Unpaid', 2023, 6),
(10157, 202311001, 100, '0000-00-00', 'Unpaid', 2023, 7),
(10158, 202311002, 100, '0000-00-00', 'Unpaid', 2023, 7),
(10159, 202311003, 100, '0000-00-00', 'Unpaid', 2023, 7),
(10160, 202311004, 100, '0000-00-00', 'Unpaid', 2023, 7),
(10161, 202311005, 100, '0000-00-00', 'Unpaid', 2023, 7),
(10162, 202311006, 100, '0000-00-00', 'Unpaid', 2023, 7),
(10163, 202311007, 100, '0000-00-00', 'Unpaid', 2023, 7),
(10164, 202311008, 100, '0000-00-00', 'Unpaid', 2023, 7),
(10165, 202311009, 100, '0000-00-00', 'Unpaid', 2023, 7),
(10166, 202311010, 100, '0000-00-00', 'Unpaid', 2023, 7),
(10167, 202311001, 100, '0000-00-00', 'Unpaid', 2023, 8),
(10168, 202311002, 100, '0000-00-00', 'Unpaid', 2023, 8),
(10169, 202311003, 100, '0000-00-00', 'Unpaid', 2023, 8),
(10170, 202311004, 100, '0000-00-00', 'Unpaid', 2023, 8),
(10171, 202311005, 100, '0000-00-00', 'Unpaid', 2023, 8),
(10172, 202311006, 100, '0000-00-00', 'Unpaid', 2023, 8),
(10173, 202311007, 100, '0000-00-00', 'Unpaid', 2023, 8),
(10174, 202311008, 100, '0000-00-00', 'Unpaid', 2023, 8),
(10175, 202311009, 100, '0000-00-00', 'Unpaid', 2023, 8),
(10176, 202311010, 100, '0000-00-00', 'Unpaid', 2023, 8),
(10177, 202311001, 100, '0000-00-00', 'Unpaid', 2023, 9),
(10178, 202311002, 100, '0000-00-00', 'Unpaid', 2023, 9),
(10179, 202311003, 100, '0000-00-00', 'Unpaid', 2023, 9),
(10180, 202311004, 100, '0000-00-00', 'Unpaid', 2023, 9),
(10181, 202311005, 100, '0000-00-00', 'Unpaid', 2023, 9),
(10182, 202311006, 100, '0000-00-00', 'Unpaid', 2023, 9),
(10183, 202311007, 100, '0000-00-00', 'Unpaid', 2023, 9),
(10184, 202311008, 100, '0000-00-00', 'Unpaid', 2023, 9),
(10185, 202311009, 100, '0000-00-00', 'Unpaid', 2023, 9),
(10186, 202311010, 100, '0000-00-00', 'Unpaid', 2023, 9),
(10187, 202311001, 100, '0000-00-00', 'Unpaid', 2023, 10),
(10188, 202311002, 100, '0000-00-00', 'Unpaid', 2023, 10),
(10189, 202311003, 100, '0000-00-00', 'Unpaid', 2023, 10),
(10190, 202311004, 100, '0000-00-00', 'Unpaid', 2023, 10),
(10191, 202311005, 100, '0000-00-00', 'Unpaid', 2023, 10),
(10192, 202311006, 100, '0000-00-00', 'Unpaid', 2023, 10),
(10193, 202311007, 100, '0000-00-00', 'Unpaid', 2023, 10),
(10194, 202311008, 100, '0000-00-00', 'Unpaid', 2023, 10),
(10195, 202311009, 100, '0000-00-00', 'Unpaid', 2023, 10),
(10196, 202311010, 100, '0000-00-00', 'Unpaid', 2023, 10),
(10197, 202311001, 100, '0000-00-00', 'Unpaid', 2023, 11),
(10198, 202311002, 100, '0000-00-00', 'Unpaid', 2023, 11),
(10199, 202311003, 100, '0000-00-00', 'Unpaid', 2023, 11),
(10200, 202311004, 100, '0000-00-00', 'Unpaid', 2023, 11),
(10201, 202311005, 100, '0000-00-00', 'Unpaid', 2023, 11),
(10202, 202311006, 100, '0000-00-00', 'Unpaid', 2023, 11),
(10203, 202311007, 100, '0000-00-00', 'Unpaid', 2023, 11),
(10204, 202311008, 100, '0000-00-00', 'Unpaid', 2023, 11),
(10205, 202311009, 100, '0000-00-00', 'Unpaid', 2023, 11),
(10206, 202311010, 100, '0000-00-00', 'Unpaid', 2023, 11),
(10207, 202311001, 100, '0000-00-00', 'Unpaid', 2023, 12),
(10208, 202311002, 100, '0000-00-00', 'Unpaid', 2023, 12),
(10209, 202311003, 100, '0000-00-00', 'Unpaid', 2023, 12),
(10210, 202311004, 100, '0000-00-00', 'Unpaid', 2023, 12),
(10211, 202311005, 100, '0000-00-00', 'Unpaid', 2023, 12),
(10212, 202311006, 100, '0000-00-00', 'Unpaid', 2023, 12),
(10213, 202311007, 100, '0000-00-00', 'Unpaid', 2023, 12),
(10214, 202311008, 100, '0000-00-00', 'Unpaid', 2023, 12),
(10215, 202311009, 100, '0000-00-00', 'Unpaid', 2023, 12),
(10216, 202311010, 100, '0000-00-00', 'Unpaid', 2023, 12),
(10217, 202311011, 100, '0000-00-00', 'unpaid', 2023, 1),
(10218, 202311012, 100, '0000-00-00', 'unpaid', 2023, 1),
(10219, 202311013, 100, '0000-00-00', 'unpaid', 2023, 1),
(10220, 202311014, 100, '0000-00-00', 'unpaid', 2023, 1),
(10221, 202311015, 100, '0000-00-00', 'unpaid', 2023, 1),
(10222, 202311016, 100, '0000-00-00', 'unpaid', 2023, 1),
(10223, 202311017, 100, '0000-00-00', 'unpaid', 2023, 1),
(10224, 202311018, 100, '0000-00-00', 'unpaid', 2023, 1),
(10225, 202311019, 100, '0000-00-00', 'unpaid', 2023, 1),
(10226, 202311020, 100, '0000-00-00', 'unpaid', 2023, 1),
(10227, 202311021, 100, '0000-00-00', 'unpaid', 2023, 1),
(10228, 202311022, 100, '0000-00-00', 'unpaid', 2023, 1),
(10229, 202311023, 100, '0000-00-00', 'unpaid', 2023, 1),
(10230, 202311024, 100, '0000-00-00', 'unpaid', 2023, 1),
(10231, 202311025, 100, '0000-00-00', 'unpaid', 2023, 1),
(10232, 202311026, 100, '0000-00-00', 'unpaid', 2023, 1),
(10233, 202311027, 100, '0000-00-00', 'unpaid', 2023, 1),
(10234, 202311028, 100, '0000-00-00', 'unpaid', 2023, 1),
(10235, 202311029, 100, '0000-00-00', 'unpaid', 2023, 1),
(10236, 202311030, 100, '0000-00-00', 'unpaid', 2023, 1),
(10237, 202311031, 100, '0000-00-00', 'unpaid', 2023, 1),
(10238, 202311032, 100, '0000-00-00', 'unpaid', 2023, 1),
(10239, 202311033, 100, '0000-00-00', 'unpaid', 2023, 1),
(10240, 202311034, 100, '0000-00-00', 'unpaid', 2023, 1),
(10241, 202311035, 100, '0000-00-00', 'unpaid', 2023, 1),
(10242, 202311036, 100, '0000-00-00', 'unpaid', 2023, 1),
(10243, 202311037, 100, '0000-00-00', 'unpaid', 2023, 1),
(10244, 202311038, 100, '0000-00-00', 'unpaid', 2023, 1),
(10245, 202311039, 100, '0000-00-00', 'unpaid', 2023, 1),
(10246, 202311040, 100, '0000-00-00', 'unpaid', 2023, 1),
(10247, 202311011, 100, '0000-00-00', 'unpaid', 2023, 2),
(10248, 202311012, 100, '0000-00-00', 'unpaid', 2023, 2),
(10249, 202311013, 100, '0000-00-00', 'unpaid', 2023, 2),
(10250, 202311014, 100, '0000-00-00', 'unpaid', 2023, 2),
(10251, 202311015, 100, '0000-00-00', 'unpaid', 2023, 2),
(10252, 202311016, 100, '0000-00-00', 'unpaid', 2023, 2),
(10253, 202311017, 100, '0000-00-00', 'unpaid', 2023, 2),
(10254, 202311018, 100, '0000-00-00', 'unpaid', 2023, 2),
(10255, 202311019, 100, '0000-00-00', 'unpaid', 2023, 2),
(10256, 202311020, 100, '0000-00-00', 'unpaid', 2023, 2),
(10257, 202311021, 100, '0000-00-00', 'unpaid', 2023, 2),
(10258, 202311022, 100, '0000-00-00', 'unpaid', 2023, 2),
(10259, 202311023, 100, '0000-00-00', 'unpaid', 2023, 2),
(10260, 202311024, 100, '0000-00-00', 'unpaid', 2023, 2),
(10261, 202311025, 100, '0000-00-00', 'unpaid', 2023, 2),
(10262, 202311026, 100, '0000-00-00', 'unpaid', 2023, 2),
(10263, 202311027, 100, '0000-00-00', 'unpaid', 2023, 2),
(10264, 202311028, 100, '0000-00-00', 'unpaid', 2023, 2),
(10265, 202311029, 100, '0000-00-00', 'unpaid', 2023, 2),
(10266, 202311030, 100, '0000-00-00', 'unpaid', 2023, 2),
(10267, 202311031, 100, '0000-00-00', 'unpaid', 2023, 2),
(10268, 202311032, 100, '0000-00-00', 'unpaid', 2023, 2),
(10269, 202311033, 100, '0000-00-00', 'unpaid', 2023, 2),
(10270, 202311034, 100, '0000-00-00', 'unpaid', 2023, 2),
(10271, 202311035, 100, '0000-00-00', 'unpaid', 2023, 2),
(10272, 202311036, 100, '0000-00-00', 'unpaid', 2023, 2),
(10273, 202311037, 100, '0000-00-00', 'unpaid', 2023, 2),
(10274, 202311038, 100, '0000-00-00', 'unpaid', 2023, 2),
(10275, 202311039, 100, '0000-00-00', 'unpaid', 2023, 2),
(10276, 202311040, 100, '0000-00-00', 'unpaid', 2023, 2),
(10277, 202311011, 100, '0000-00-00', 'unpaid', 2023, 3),
(10278, 202311012, 100, '0000-00-00', 'unpaid', 2023, 3),
(10279, 202311013, 100, '0000-00-00', 'unpaid', 2023, 3),
(10280, 202311014, 100, '0000-00-00', 'unpaid', 2023, 3),
(10281, 202311015, 100, '0000-00-00', 'unpaid', 2023, 3),
(10282, 202311016, 100, '0000-00-00', 'unpaid', 2023, 3),
(10283, 202311017, 100, '0000-00-00', 'unpaid', 2023, 3),
(10284, 202311018, 100, '0000-00-00', 'unpaid', 2023, 3),
(10285, 202311019, 100, '0000-00-00', 'unpaid', 2023, 3),
(10286, 202311020, 100, '0000-00-00', 'unpaid', 2023, 3),
(10287, 202311021, 100, '0000-00-00', 'unpaid', 2023, 3),
(10288, 202311022, 100, '0000-00-00', 'unpaid', 2023, 3),
(10289, 202311023, 100, '0000-00-00', 'unpaid', 2023, 3),
(10290, 202311024, 100, '0000-00-00', 'unpaid', 2023, 3),
(10291, 202311025, 100, '0000-00-00', 'unpaid', 2023, 3),
(10292, 202311026, 100, '0000-00-00', 'unpaid', 2023, 3),
(10293, 202311027, 100, '0000-00-00', 'unpaid', 2023, 3),
(10294, 202311028, 100, '0000-00-00', 'unpaid', 2023, 3),
(10295, 202311029, 100, '0000-00-00', 'unpaid', 2023, 3),
(10296, 202311030, 100, '0000-00-00', 'unpaid', 2023, 3),
(10297, 202311031, 100, '0000-00-00', 'unpaid', 2023, 3),
(10298, 202311032, 100, '0000-00-00', 'unpaid', 2023, 3),
(10299, 202311033, 100, '0000-00-00', 'unpaid', 2023, 3),
(10300, 202311034, 100, '0000-00-00', 'unpaid', 2023, 3),
(10301, 202311035, 100, '0000-00-00', 'unpaid', 2023, 3),
(10302, 202311036, 100, '0000-00-00', 'unpaid', 2023, 3),
(10303, 202311037, 100, '0000-00-00', 'unpaid', 2023, 3),
(10304, 202311038, 100, '0000-00-00', 'unpaid', 2023, 3),
(10305, 202311039, 100, '0000-00-00', 'unpaid', 2023, 3),
(10306, 202311040, 100, '0000-00-00', 'unpaid', 2023, 3),
(10307, 202311011, 100, '0000-00-00', 'unpaid', 2023, 4),
(10308, 202311012, 100, '0000-00-00', 'unpaid', 2023, 4),
(10309, 202311013, 100, '0000-00-00', 'unpaid', 2023, 4),
(10310, 202311014, 100, '0000-00-00', 'unpaid', 2023, 4),
(10311, 202311015, 100, '0000-00-00', 'unpaid', 2023, 4),
(10312, 202311016, 100, '0000-00-00', 'unpaid', 2023, 4),
(10313, 202311017, 100, '0000-00-00', 'unpaid', 2023, 4),
(10314, 202311018, 100, '0000-00-00', 'unpaid', 2023, 4),
(10315, 202311019, 100, '0000-00-00', 'unpaid', 2023, 4),
(10316, 202311020, 100, '0000-00-00', 'unpaid', 2023, 4),
(10317, 202311021, 100, '0000-00-00', 'unpaid', 2023, 4),
(10318, 202311022, 100, '0000-00-00', 'unpaid', 2023, 4),
(10319, 202311023, 100, '0000-00-00', 'unpaid', 2023, 4),
(10320, 202311024, 100, '0000-00-00', 'unpaid', 2023, 4),
(10321, 202311025, 100, '0000-00-00', 'unpaid', 2023, 4),
(10322, 202311026, 100, '0000-00-00', 'unpaid', 2023, 4),
(10323, 202311027, 100, '0000-00-00', 'unpaid', 2023, 4),
(10324, 202311028, 100, '0000-00-00', 'unpaid', 2023, 4),
(10325, 202311029, 100, '0000-00-00', 'unpaid', 2023, 4),
(10326, 202311030, 100, '0000-00-00', 'unpaid', 2023, 4),
(10327, 202311031, 100, '0000-00-00', 'unpaid', 2023, 4),
(10328, 202311032, 100, '0000-00-00', 'unpaid', 2023, 4),
(10329, 202311033, 100, '0000-00-00', 'unpaid', 2023, 4),
(10330, 202311034, 100, '0000-00-00', 'unpaid', 2023, 4),
(10331, 202311035, 100, '0000-00-00', 'unpaid', 2023, 4),
(10332, 202311036, 100, '0000-00-00', 'unpaid', 2023, 4),
(10333, 202311037, 100, '0000-00-00', 'unpaid', 2023, 4),
(10334, 202311038, 100, '0000-00-00', 'unpaid', 2023, 4),
(10335, 202311039, 100, '0000-00-00', 'unpaid', 2023, 4),
(10336, 202311040, 100, '0000-00-00', 'unpaid', 2023, 4),
(10337, 202311011, 100, '0000-00-00', 'unpaid', 2023, 5),
(10338, 202311012, 100, '0000-00-00', 'unpaid', 2023, 5),
(10339, 202311013, 100, '0000-00-00', 'unpaid', 2023, 5),
(10340, 202311014, 100, '0000-00-00', 'unpaid', 2023, 5),
(10341, 202311015, 100, '0000-00-00', 'unpaid', 2023, 5),
(10342, 202311016, 100, '0000-00-00', 'unpaid', 2023, 5),
(10343, 202311017, 100, '0000-00-00', 'unpaid', 2023, 5),
(10344, 202311018, 100, '0000-00-00', 'unpaid', 2023, 5),
(10345, 202311019, 100, '0000-00-00', 'unpaid', 2023, 5),
(10346, 202311020, 100, '0000-00-00', 'unpaid', 2023, 5),
(10347, 202311021, 100, '0000-00-00', 'unpaid', 2023, 5),
(10348, 202311022, 100, '0000-00-00', 'unpaid', 2023, 5),
(10349, 202311023, 100, '0000-00-00', 'unpaid', 2023, 5),
(10350, 202311024, 100, '0000-00-00', 'unpaid', 2023, 5),
(10351, 202311025, 100, '0000-00-00', 'unpaid', 2023, 5),
(10352, 202311026, 100, '0000-00-00', 'unpaid', 2023, 5),
(10353, 202311027, 100, '0000-00-00', 'unpaid', 2023, 5),
(10354, 202311028, 100, '0000-00-00', 'unpaid', 2023, 5),
(10355, 202311029, 100, '0000-00-00', 'unpaid', 2023, 5),
(10356, 202311030, 100, '0000-00-00', 'unpaid', 2023, 5),
(10357, 202311031, 100, '0000-00-00', 'unpaid', 2023, 5),
(10358, 202311032, 100, '0000-00-00', 'unpaid', 2023, 5),
(10359, 202311033, 100, '0000-00-00', 'unpaid', 2023, 5),
(10360, 202311034, 100, '0000-00-00', 'unpaid', 2023, 5),
(10361, 202311035, 100, '0000-00-00', 'unpaid', 2023, 5),
(10362, 202311036, 100, '0000-00-00', 'unpaid', 2023, 5),
(10363, 202311037, 100, '0000-00-00', 'unpaid', 2023, 5),
(10364, 202311038, 100, '0000-00-00', 'unpaid', 2023, 5),
(10365, 202311039, 100, '0000-00-00', 'unpaid', 2023, 5),
(10366, 202311040, 100, '0000-00-00', 'unpaid', 2023, 5),
(10367, 202311011, 100, '0000-00-00', 'unpaid', 2023, 6),
(10368, 202311012, 100, '0000-00-00', 'unpaid', 2023, 6),
(10369, 202311013, 100, '0000-00-00', 'unpaid', 2023, 6),
(10370, 202311014, 100, '0000-00-00', 'unpaid', 2023, 6),
(10371, 202311015, 100, '0000-00-00', 'unpaid', 2023, 6),
(10372, 202311016, 100, '0000-00-00', 'unpaid', 2023, 6),
(10373, 202311017, 100, '0000-00-00', 'unpaid', 2023, 6),
(10374, 202311018, 100, '0000-00-00', 'unpaid', 2023, 6),
(10375, 202311019, 100, '0000-00-00', 'unpaid', 2023, 6),
(10376, 202311020, 100, '0000-00-00', 'unpaid', 2023, 6),
(10377, 202311021, 100, '0000-00-00', 'unpaid', 2023, 6),
(10378, 202311022, 100, '0000-00-00', 'unpaid', 2023, 6),
(10379, 202311023, 100, '0000-00-00', 'unpaid', 2023, 6),
(10380, 202311024, 100, '0000-00-00', 'unpaid', 2023, 6),
(10381, 202311025, 100, '0000-00-00', 'unpaid', 2023, 6),
(10382, 202311026, 100, '0000-00-00', 'unpaid', 2023, 6),
(10383, 202311027, 100, '0000-00-00', 'unpaid', 2023, 6),
(10384, 202311028, 100, '0000-00-00', 'unpaid', 2023, 6),
(10385, 202311029, 100, '0000-00-00', 'unpaid', 2023, 6),
(10386, 202311030, 100, '0000-00-00', 'unpaid', 2023, 6),
(10387, 202311031, 100, '0000-00-00', 'unpaid', 2023, 6),
(10388, 202311032, 100, '0000-00-00', 'unpaid', 2023, 6),
(10389, 202311033, 100, '0000-00-00', 'unpaid', 2023, 6),
(10390, 202311034, 100, '0000-00-00', 'unpaid', 2023, 6),
(10391, 202311035, 100, '0000-00-00', 'unpaid', 2023, 6),
(10392, 202311036, 100, '0000-00-00', 'unpaid', 2023, 6),
(10393, 202311037, 100, '0000-00-00', 'unpaid', 2023, 6),
(10394, 202311038, 100, '0000-00-00', 'unpaid', 2023, 6),
(10395, 202311039, 100, '0000-00-00', 'unpaid', 2023, 6),
(10396, 202311040, 100, '0000-00-00', 'unpaid', 2023, 6),
(10397, 202311011, 100, '0000-00-00', 'unpaid', 2023, 7),
(10398, 202311012, 100, '0000-00-00', 'unpaid', 2023, 7),
(10399, 202311013, 100, '0000-00-00', 'unpaid', 2023, 7),
(10400, 202311014, 100, '0000-00-00', 'unpaid', 2023, 7),
(10401, 202311015, 100, '0000-00-00', 'unpaid', 2023, 7),
(10402, 202311016, 100, '0000-00-00', 'unpaid', 2023, 7),
(10403, 202311017, 100, '0000-00-00', 'unpaid', 2023, 7),
(10404, 202311018, 100, '0000-00-00', 'unpaid', 2023, 7),
(10405, 202311019, 100, '0000-00-00', 'unpaid', 2023, 7),
(10406, 202311020, 100, '0000-00-00', 'unpaid', 2023, 7),
(10407, 202311021, 100, '0000-00-00', 'unpaid', 2023, 7),
(10408, 202311022, 100, '0000-00-00', 'unpaid', 2023, 7),
(10409, 202311023, 100, '0000-00-00', 'unpaid', 2023, 7),
(10410, 202311024, 100, '0000-00-00', 'unpaid', 2023, 7),
(10411, 202311025, 100, '0000-00-00', 'unpaid', 2023, 7),
(10412, 202311026, 100, '0000-00-00', 'unpaid', 2023, 7),
(10413, 202311027, 100, '0000-00-00', 'unpaid', 2023, 7),
(10414, 202311028, 100, '0000-00-00', 'unpaid', 2023, 7),
(10415, 202311029, 100, '0000-00-00', 'unpaid', 2023, 7),
(10416, 202311030, 100, '0000-00-00', 'unpaid', 2023, 7),
(10417, 202311031, 100, '0000-00-00', 'unpaid', 2023, 7),
(10418, 202311032, 100, '0000-00-00', 'unpaid', 2023, 7),
(10419, 202311033, 100, '0000-00-00', 'unpaid', 2023, 7),
(10420, 202311034, 100, '0000-00-00', 'unpaid', 2023, 7),
(10421, 202311035, 100, '0000-00-00', 'unpaid', 2023, 7),
(10422, 202311036, 100, '0000-00-00', 'unpaid', 2023, 7),
(10423, 202311037, 100, '0000-00-00', 'unpaid', 2023, 7),
(10424, 202311038, 100, '0000-00-00', 'unpaid', 2023, 7),
(10425, 202311039, 100, '0000-00-00', 'unpaid', 2023, 7),
(10426, 202311040, 100, '0000-00-00', 'unpaid', 2023, 7),
(10427, 202311011, 100, '0000-00-00', 'unpaid', 2023, 8),
(10428, 202311012, 100, '0000-00-00', 'unpaid', 2023, 8),
(10429, 202311013, 100, '0000-00-00', 'unpaid', 2023, 8),
(10430, 202311014, 100, '0000-00-00', 'unpaid', 2023, 8),
(10431, 202311015, 100, '0000-00-00', 'unpaid', 2023, 8),
(10432, 202311016, 100, '0000-00-00', 'unpaid', 2023, 8),
(10433, 202311017, 100, '0000-00-00', 'unpaid', 2023, 8),
(10434, 202311018, 100, '0000-00-00', 'unpaid', 2023, 8),
(10435, 202311019, 100, '0000-00-00', 'unpaid', 2023, 8),
(10436, 202311020, 100, '0000-00-00', 'unpaid', 2023, 8),
(10437, 202311021, 100, '0000-00-00', 'unpaid', 2023, 8),
(10438, 202311022, 100, '0000-00-00', 'unpaid', 2023, 8),
(10439, 202311023, 100, '0000-00-00', 'unpaid', 2023, 8),
(10440, 202311024, 100, '0000-00-00', 'unpaid', 2023, 8),
(10441, 202311025, 100, '0000-00-00', 'unpaid', 2023, 8),
(10442, 202311026, 100, '0000-00-00', 'unpaid', 2023, 8),
(10443, 202311027, 100, '0000-00-00', 'unpaid', 2023, 8),
(10444, 202311028, 100, '0000-00-00', 'unpaid', 2023, 8),
(10445, 202311029, 100, '0000-00-00', 'unpaid', 2023, 8),
(10446, 202311030, 100, '0000-00-00', 'unpaid', 2023, 8),
(10447, 202311031, 100, '0000-00-00', 'unpaid', 2023, 8),
(10448, 202311032, 100, '0000-00-00', 'unpaid', 2023, 8),
(10449, 202311033, 100, '0000-00-00', 'unpaid', 2023, 8),
(10450, 202311034, 100, '0000-00-00', 'unpaid', 2023, 8),
(10451, 202311035, 100, '0000-00-00', 'unpaid', 2023, 8),
(10452, 202311036, 100, '0000-00-00', 'unpaid', 2023, 8),
(10453, 202311037, 100, '0000-00-00', 'unpaid', 2023, 8),
(10454, 202311038, 100, '0000-00-00', 'unpaid', 2023, 8),
(10455, 202311039, 100, '0000-00-00', 'unpaid', 2023, 8),
(10456, 202311040, 100, '0000-00-00', 'unpaid', 2023, 8),
(10457, 202311011, 100, '0000-00-00', 'unpaid', 2023, 9),
(10458, 202311012, 100, '0000-00-00', 'unpaid', 2023, 9),
(10459, 202311013, 100, '0000-00-00', 'unpaid', 2023, 9),
(10460, 202311014, 100, '0000-00-00', 'unpaid', 2023, 9),
(10461, 202311015, 100, '0000-00-00', 'unpaid', 2023, 9),
(10462, 202311016, 100, '0000-00-00', 'unpaid', 2023, 9),
(10463, 202311017, 100, '0000-00-00', 'unpaid', 2023, 9),
(10464, 202311018, 100, '0000-00-00', 'unpaid', 2023, 9),
(10465, 202311019, 100, '0000-00-00', 'unpaid', 2023, 9),
(10466, 202311020, 100, '0000-00-00', 'unpaid', 2023, 9),
(10467, 202311021, 100, '0000-00-00', 'unpaid', 2023, 9),
(10468, 202311022, 100, '0000-00-00', 'unpaid', 2023, 9),
(10469, 202311023, 100, '0000-00-00', 'unpaid', 2023, 9),
(10470, 202311024, 100, '0000-00-00', 'unpaid', 2023, 9),
(10471, 202311025, 100, '0000-00-00', 'unpaid', 2023, 9),
(10472, 202311026, 100, '0000-00-00', 'unpaid', 2023, 9),
(10473, 202311027, 100, '0000-00-00', 'unpaid', 2023, 9),
(10474, 202311028, 100, '0000-00-00', 'unpaid', 2023, 9),
(10475, 202311029, 100, '0000-00-00', 'unpaid', 2023, 9),
(10476, 202311030, 100, '0000-00-00', 'unpaid', 2023, 9),
(10477, 202311031, 100, '0000-00-00', 'unpaid', 2023, 9),
(10478, 202311032, 100, '0000-00-00', 'unpaid', 2023, 9),
(10479, 202311033, 100, '0000-00-00', 'unpaid', 2023, 9),
(10480, 202311034, 100, '0000-00-00', 'unpaid', 2023, 9),
(10481, 202311035, 100, '0000-00-00', 'unpaid', 2023, 9),
(10482, 202311036, 100, '0000-00-00', 'unpaid', 2023, 9),
(10483, 202311037, 100, '0000-00-00', 'unpaid', 2023, 9),
(10484, 202311038, 100, '0000-00-00', 'unpaid', 2023, 9),
(10485, 202311039, 100, '0000-00-00', 'unpaid', 2023, 9),
(10486, 202311040, 100, '0000-00-00', 'unpaid', 2023, 9),
(10487, 202311011, 100, '0000-00-00', 'unpaid', 2023, 10),
(10488, 202311012, 100, '0000-00-00', 'unpaid', 2023, 10),
(10489, 202311013, 100, '0000-00-00', 'unpaid', 2023, 10),
(10490, 202311014, 100, '0000-00-00', 'unpaid', 2023, 10),
(10491, 202311015, 100, '0000-00-00', 'unpaid', 2023, 10),
(10492, 202311016, 100, '0000-00-00', 'unpaid', 2023, 10),
(10493, 202311017, 100, '0000-00-00', 'unpaid', 2023, 10),
(10494, 202311018, 100, '0000-00-00', 'unpaid', 2023, 10),
(10495, 202311019, 100, '0000-00-00', 'unpaid', 2023, 10),
(10496, 202311020, 100, '0000-00-00', 'unpaid', 2023, 10),
(10497, 202311021, 100, '0000-00-00', 'unpaid', 2023, 10),
(10498, 202311022, 100, '0000-00-00', 'unpaid', 2023, 10),
(10499, 202311023, 100, '0000-00-00', 'unpaid', 2023, 10),
(10500, 202311024, 100, '0000-00-00', 'unpaid', 2023, 10),
(10501, 202311025, 100, '0000-00-00', 'unpaid', 2023, 10),
(10502, 202311026, 100, '0000-00-00', 'unpaid', 2023, 10),
(10503, 202311027, 100, '0000-00-00', 'unpaid', 2023, 10),
(10504, 202311028, 100, '0000-00-00', 'unpaid', 2023, 10),
(10505, 202311029, 100, '0000-00-00', 'unpaid', 2023, 10),
(10506, 202311030, 100, '0000-00-00', 'unpaid', 2023, 10),
(10507, 202311031, 100, '0000-00-00', 'unpaid', 2023, 10),
(10508, 202311032, 100, '0000-00-00', 'unpaid', 2023, 10),
(10509, 202311033, 100, '0000-00-00', 'unpaid', 2023, 10),
(10510, 202311034, 100, '0000-00-00', 'unpaid', 2023, 10),
(10511, 202311035, 100, '0000-00-00', 'unpaid', 2023, 10),
(10512, 202311036, 100, '0000-00-00', 'unpaid', 2023, 10),
(10513, 202311037, 100, '0000-00-00', 'unpaid', 2023, 10),
(10514, 202311038, 100, '0000-00-00', 'unpaid', 2023, 10),
(10515, 202311039, 100, '0000-00-00', 'unpaid', 2023, 10),
(10516, 202311040, 100, '0000-00-00', 'unpaid', 2023, 10),
(10517, 202311011, 100, '0000-00-00', 'unpaid', 2023, 11),
(10518, 202311012, 100, '0000-00-00', 'unpaid', 2023, 11),
(10519, 202311013, 100, '0000-00-00', 'unpaid', 2023, 11),
(10520, 202311014, 100, '0000-00-00', 'unpaid', 2023, 11),
(10521, 202311015, 100, '0000-00-00', 'unpaid', 2023, 11),
(10522, 202311016, 100, '0000-00-00', 'unpaid', 2023, 11),
(10523, 202311017, 100, '0000-00-00', 'unpaid', 2023, 11),
(10524, 202311018, 100, '0000-00-00', 'unpaid', 2023, 11),
(10525, 202311019, 100, '0000-00-00', 'unpaid', 2023, 11),
(10526, 202311020, 100, '0000-00-00', 'unpaid', 2023, 11),
(10527, 202311021, 100, '0000-00-00', 'unpaid', 2023, 11),
(10528, 202311022, 100, '0000-00-00', 'unpaid', 2023, 11),
(10529, 202311023, 100, '0000-00-00', 'unpaid', 2023, 11),
(10530, 202311024, 100, '0000-00-00', 'unpaid', 2023, 11),
(10531, 202311025, 100, '0000-00-00', 'unpaid', 2023, 11),
(10532, 202311026, 100, '0000-00-00', 'unpaid', 2023, 11),
(10533, 202311027, 100, '0000-00-00', 'unpaid', 2023, 11),
(10534, 202311028, 100, '0000-00-00', 'unpaid', 2023, 11),
(10535, 202311029, 100, '0000-00-00', 'unpaid', 2023, 11),
(10536, 202311030, 100, '0000-00-00', 'unpaid', 2023, 11),
(10537, 202311031, 100, '0000-00-00', 'unpaid', 2023, 11),
(10538, 202311032, 100, '0000-00-00', 'unpaid', 2023, 11),
(10539, 202311033, 100, '0000-00-00', 'unpaid', 2023, 11),
(10540, 202311034, 100, '0000-00-00', 'unpaid', 2023, 11),
(10541, 202311035, 100, '0000-00-00', 'unpaid', 2023, 11),
(10542, 202311036, 100, '0000-00-00', 'unpaid', 2023, 11),
(10543, 202311037, 100, '0000-00-00', 'unpaid', 2023, 11),
(10544, 202311038, 100, '0000-00-00', 'unpaid', 2023, 11),
(10545, 202311039, 100, '0000-00-00', 'unpaid', 2023, 11),
(10546, 202311040, 100, '0000-00-00', 'unpaid', 2023, 11),
(10547, 202311011, 100, '0000-00-00', 'unpaid', 2023, 12),
(10548, 202311012, 100, '0000-00-00', 'unpaid', 2023, 12),
(10549, 202311013, 100, '0000-00-00', 'unpaid', 2023, 12),
(10550, 202311014, 100, '0000-00-00', 'unpaid', 2023, 12),
(10551, 202311015, 100, '0000-00-00', 'unpaid', 2023, 12),
(10552, 202311016, 100, '0000-00-00', 'unpaid', 2023, 12),
(10553, 202311017, 100, '0000-00-00', 'unpaid', 2023, 12),
(10554, 202311018, 100, '0000-00-00', 'unpaid', 2023, 12),
(10555, 202311019, 100, '0000-00-00', 'unpaid', 2023, 12),
(10556, 202311020, 100, '0000-00-00', 'unpaid', 2023, 12),
(10557, 202311021, 100, '0000-00-00', 'unpaid', 2023, 12),
(10558, 202311022, 100, '0000-00-00', 'unpaid', 2023, 12),
(10559, 202311023, 100, '0000-00-00', 'unpaid', 2023, 12),
(10560, 202311024, 100, '0000-00-00', 'unpaid', 2023, 12),
(10561, 202311025, 100, '0000-00-00', 'unpaid', 2023, 12),
(10562, 202311026, 100, '0000-00-00', 'unpaid', 2023, 12),
(10563, 202311027, 100, '0000-00-00', 'unpaid', 2023, 12),
(10564, 202311028, 100, '0000-00-00', 'unpaid', 2023, 12),
(10565, 202311029, 100, '0000-00-00', 'unpaid', 2023, 12),
(10566, 202311030, 100, '0000-00-00', 'unpaid', 2023, 12),
(10567, 202311031, 100, '0000-00-00', 'unpaid', 2023, 12),
(10568, 202311032, 100, '0000-00-00', 'unpaid', 2023, 12),
(10569, 202311033, 100, '0000-00-00', 'unpaid', 2023, 12),
(10570, 202311034, 100, '0000-00-00', 'unpaid', 2023, 12),
(10571, 202311035, 100, '0000-00-00', 'unpaid', 2023, 12),
(10572, 202311036, 100, '0000-00-00', 'unpaid', 2023, 12),
(10573, 202311037, 100, '0000-00-00', 'unpaid', 2023, 12),
(10574, 202311038, 100, '0000-00-00', 'unpaid', 2023, 12),
(10575, 202311039, 100, '0000-00-00', 'unpaid', 2023, 12),
(10576, 202311040, 100, '0000-00-00', 'unpaid', 2023, 12);

-- --------------------------------------------------------

--
-- Table structure for table `tbl_months`
--

CREATE TABLE `tbl_months` (
  `monthID` int(10) NOT NULL,
  `month` varchar(255) NOT NULL
) ENGINE=InnoDB DEFAULT CHARSET=utf8mb4 COLLATE=utf8mb4_general_ci;

--
-- Dumping data for table `tbl_months`
--

INSERT INTO `tbl_months` (`monthID`, `month`) VALUES
(1, 'January'),
(2, 'February'),
(3, 'March'),
(4, 'April'),
(5, 'May'),
(6, 'June'),
(7, 'July'),
(8, 'August'),
(9, 'September'),
(10, 'October'),
(11, 'November'),
(12, 'December');

-- --------------------------------------------------------

--
-- Table structure for table `tbl_paymentconcerns`
--

CREATE TABLE `tbl_paymentconcerns` (
  `paymentConcernID` int(10) NOT NULL,
  `accountID` int(11) NOT NULL,
  `message` varchar(1000) NOT NULL,
  `dateSent` int(11) NOT NULL,
  `status` int(11) NOT NULL
) ENGINE=InnoDB DEFAULT CHARSET=utf8mb4 COLLATE=utf8mb4_general_ci;

-- --------------------------------------------------------

--
-- Table structure for table `tbl_resident`
--

CREATE TABLE `tbl_resident` (
  `block` int(10) NOT NULL,
  `lot` int(10) NOT NULL,
  `residentID` int(11) NOT NULL,
  `name` varchar(255) NOT NULL,
  `age` int(10) NOT NULL,
  `gender` varchar(255) NOT NULL
) ENGINE=InnoDB DEFAULT CHARSET=utf8mb4 COLLATE=utf8mb4_general_ci;

--
-- Dumping data for table `tbl_resident`
--

INSERT INTO `tbl_resident` (`block`, `lot`, `residentID`, `name`, `age`, `gender`) VALUES
(1, 1, 1, 'Mark C. Perando', 35, 'Male'),
(1, 2, 2, 'Juan Santos', 25, 'Male'),
(1, 2, 3, 'Maria Cruz', 28, 'Female'),
(1, 3, 4, 'Andres Reyes', 32, 'Male'),
(1, 4, 5, 'Ligaya Garcia', 29, 'Female'),
(1, 5, 6, 'Antonio Ramos', 27, 'Male'),
(1, 6, 7, 'Sofia Hernandez', 30, 'Female'),
(1, 7, 8, 'Diego Aquino', 31, 'Male'),
(1, 8, 9, 'Kapitana Dela Cruz', 35, 'Female'),
(1, 9, 10, 'Emilio Rivera', 28, 'Male'),
(1, 10, 11, 'Gregoria Santos', 26, 'Female'),
(1, 11, 202311011, 'Maria Delos Reyes', 33, 'Female'),
(1, 12, 202311012, 'Jose Mendoza', 29, 'Male'),
(1, 13, 202311013, 'Elena Lopez', 31, 'Female'),
(1, 14, 202311014, 'Carlos Reyes', 27, 'Male'),
(1, 15, 202311015, 'Victoria Santos', 30, 'Female'),
(1, 16, 202311016, 'Rafael Rodriguez', 32, 'Male'),
(1, 17, 202311017, 'Rosa Gomez', 28, 'Female'),
(1, 18, 202311018, 'Juanito Santiago', 31, 'Male'),
(1, 19, 202311019, 'Carmen Garcia', 29, 'Female'),
(1, 20, 202311020, 'Manuel Santos', 26, 'Male');

-- --------------------------------------------------------

--
-- Table structure for table `tbl_resolution`
--

CREATE TABLE `tbl_resolution` (
  `resolutionID` int(11) NOT NULL,
  `title` varchar(255) NOT NULL,
  `dateCreated` date NOT NULL,
  `dateImplemented` date NOT NULL,
  `officialCopy` longblob NOT NULL
) ENGINE=InnoDB DEFAULT CHARSET=utf8mb4 COLLATE=utf8mb4_general_ci;

--
-- Dumping data for table `tbl_resolution`
--

INSERT INTO `tbl_resolution` (`resolutionID`, `title`, `dateCreated`, `dateImplemented`, `officialCopy`) VALUES
(113, 'Appointment of New Board Member', '2023-01-10', '2023-02-01', ''),
(114, 'Amendment of Community Bylaws', '2023-05-15', '2023-06-01', ''),
(115, 'Renovation of Common Areas', '2023-07-20', '2023-08-15', ''),
(116, 'Adoption of New Security Measures', '2023-09-25', '2023-10-15', '');

-- --------------------------------------------------------

--
-- Table structure for table `tbl_rules`
--

CREATE TABLE `tbl_rules` (
  `ruleID` int(11) NOT NULL,
  `title` varchar(255) NOT NULL,
  `dateCreated` date NOT NULL,
  `dateImplemented` date NOT NULL,
  `officialCopy` longblob DEFAULT NULL
) ENGINE=InnoDB DEFAULT CHARSET=utf8mb4 COLLATE=utf8mb4_general_ci;

--
-- Dumping data for table `tbl_rules`
--

INSERT INTO `tbl_rules` (`ruleID`, `title`, `dateCreated`, `dateImplemented`, `officialCopy`) VALUES
(109, ' 2024 Waste Management Policy  ', '2023-01-04', '2023-01-19', 0x75706c6f6164732f3431333130353139395f313734353931373733353931373238395f333339383534363934353337323130353632385f6e2e646f6378),
(110, 'Community Noise Control Policy', '2023-02-15', '2023-03-01', NULL),
(111, 'Landscaping Standards', '2023-03-10', '2023-03-25', NULL),
(112, 'Pet Ownership Guidelines', '2023-04-05', '2023-04-20', NULL),
(113, 'Architectural Review Process', '2023-05-01', '2023-05-15', NULL),
(114, 'Parking Regulations', '2023-06-10', '2023-06-25', NULL);

-- --------------------------------------------------------

--
-- Table structure for table `tbl_year`
--

CREATE TABLE `tbl_year` (
  `yearID` int(10) NOT NULL,
  `year` int(10) NOT NULL
) ENGINE=InnoDB DEFAULT CHARSET=utf8mb4 COLLATE=utf8mb4_general_ci;

--
-- Dumping data for table `tbl_year`
--

INSERT INTO `tbl_year` (`yearID`, `year`) VALUES
(2023, 2023),
(2024, 2024);

--
-- Indexes for dumped tables
--

--
-- Indexes for table `tbl_admin`
--
ALTER TABLE `tbl_admin`
  ADD PRIMARY KEY (`accountID`);

--
-- Indexes for table `tbl_amilyar`
--
ALTER TABLE `tbl_amilyar`
  ADD PRIMARY KEY (`amilyarID`),
  ADD KEY `year` (`year`),
  ADD KEY `accountID` (`accountID`);

--
-- Indexes for table `tbl_budget`
--
ALTER TABLE `tbl_budget`
  ADD PRIMARY KEY (`budgetID`),
  ADD KEY `yearID` (`yearID`);

--
-- Indexes for table `tbl_communityfeedback`
--
ALTER TABLE `tbl_communityfeedback`
  ADD PRIMARY KEY (`feedbackID`);

--
-- Indexes for table `tbl_donation`
--
ALTER TABLE `tbl_donation`
  ADD PRIMARY KEY (`donationID`);

--
-- Indexes for table `tbl_expenses`
--
ALTER TABLE `tbl_expenses`
  ADD PRIMARY KEY (`expenseID`),
  ADD KEY `yearID` (`yearID`);

--
-- Indexes for table `tbl_homeowners`
--
ALTER TABLE `tbl_homeowners`
  ADD PRIMARY KEY (`accountID`);

--
-- Indexes for table `tbl_meeting`
--
ALTER TABLE `tbl_meeting`
  ADD PRIMARY KEY (`meetingID`);

--
-- Indexes for table `tbl_monthly`
--
ALTER TABLE `tbl_monthly`
  ADD PRIMARY KEY (`dueID`),
  ADD KEY `month` (`month`),
  ADD KEY `year` (`year`);

--
-- Indexes for table `tbl_months`
--
ALTER TABLE `tbl_months`
  ADD PRIMARY KEY (`monthID`);

--
-- Indexes for table `tbl_paymentconcerns`
--
ALTER TABLE `tbl_paymentconcerns`
  ADD PRIMARY KEY (`paymentConcernID`),
  ADD KEY `accountID` (`accountID`);

--
-- Indexes for table `tbl_resident`
--
ALTER TABLE `tbl_resident`
  ADD PRIMARY KEY (`residentID`);

--
-- Indexes for table `tbl_resolution`
--
ALTER TABLE `tbl_resolution`
  ADD PRIMARY KEY (`resolutionID`);

--
-- Indexes for table `tbl_rules`
--
ALTER TABLE `tbl_rules`
  ADD PRIMARY KEY (`ruleID`);

--
-- Indexes for table `tbl_year`
--
ALTER TABLE `tbl_year`
  ADD PRIMARY KEY (`yearID`);

--
-- AUTO_INCREMENT for dumped tables
--

--
-- AUTO_INCREMENT for table `tbl_admin`
--
ALTER TABLE `tbl_admin`
  MODIFY `accountID` int(10) NOT NULL AUTO_INCREMENT, AUTO_INCREMENT=202311002;

--
-- AUTO_INCREMENT for table `tbl_amilyar`
--
ALTER TABLE `tbl_amilyar`
  MODIFY `amilyarID` int(11) NOT NULL AUTO_INCREMENT, AUTO_INCREMENT=161;

--
-- AUTO_INCREMENT for table `tbl_budget`
--
ALTER TABLE `tbl_budget`
  MODIFY `budgetID` int(10) NOT NULL AUTO_INCREMENT, AUTO_INCREMENT=2;

--
-- AUTO_INCREMENT for table `tbl_communityfeedback`
--
ALTER TABLE `tbl_communityfeedback`
  MODIFY `feedbackID` int(11) NOT NULL AUTO_INCREMENT, AUTO_INCREMENT=12;

--
-- AUTO_INCREMENT for table `tbl_donation`
--
ALTER TABLE `tbl_donation`
  MODIFY `donationID` int(10) NOT NULL AUTO_INCREMENT, AUTO_INCREMENT=13;

--
-- AUTO_INCREMENT for table `tbl_expenses`
--
ALTER TABLE `tbl_expenses`
  MODIFY `expenseID` int(10) NOT NULL AUTO_INCREMENT, AUTO_INCREMENT=23;

--
-- AUTO_INCREMENT for table `tbl_homeowners`
--
ALTER TABLE `tbl_homeowners`
  MODIFY `accountID` int(10) NOT NULL AUTO_INCREMENT, AUTO_INCREMENT=1212121219;

--
-- AUTO_INCREMENT for table `tbl_meeting`
--
ALTER TABLE `tbl_meeting`
  MODIFY `meetingID` int(11) NOT NULL AUTO_INCREMENT, AUTO_INCREMENT=110;

--
-- AUTO_INCREMENT for table `tbl_monthly`
--
ALTER TABLE `tbl_monthly`
  MODIFY `dueID` int(11) NOT NULL AUTO_INCREMENT, AUTO_INCREMENT=10577;

--
-- AUTO_INCREMENT for table `tbl_months`
--
ALTER TABLE `tbl_months`
  MODIFY `monthID` int(10) NOT NULL AUTO_INCREMENT, AUTO_INCREMENT=13;

--
-- AUTO_INCREMENT for table `tbl_paymentconcerns`
--
ALTER TABLE `tbl_paymentconcerns`
  MODIFY `paymentConcernID` int(10) NOT NULL AUTO_INCREMENT, AUTO_INCREMENT=9;

--
-- AUTO_INCREMENT for table `tbl_resident`
--
ALTER TABLE `tbl_resident`
  MODIFY `residentID` int(11) NOT NULL AUTO_INCREMENT, AUTO_INCREMENT=2023121009;

--
-- AUTO_INCREMENT for table `tbl_resolution`
--
ALTER TABLE `tbl_resolution`
  MODIFY `resolutionID` int(11) NOT NULL AUTO_INCREMENT, AUTO_INCREMENT=117;

--
-- AUTO_INCREMENT for table `tbl_rules`
--
ALTER TABLE `tbl_rules`
  MODIFY `ruleID` int(11) NOT NULL AUTO_INCREMENT, AUTO_INCREMENT=115;

--
-- AUTO_INCREMENT for table `tbl_year`
--
ALTER TABLE `tbl_year`
  MODIFY `yearID` int(10) NOT NULL AUTO_INCREMENT, AUTO_INCREMENT=2025;

--
-- Constraints for dumped tables
--

--
-- Constraints for table `tbl_amilyar`
--
ALTER TABLE `tbl_amilyar`
  ADD CONSTRAINT `tbl_amilyar_ibfk_1` FOREIGN KEY (`year`) REFERENCES `tbl_year` (`yearID`),
  ADD CONSTRAINT `tbl_amilyar_ibfk_2` FOREIGN KEY (`accountID`) REFERENCES `tbl_homeowners` (`accountID`);

--
-- Constraints for table `tbl_budget`
--
ALTER TABLE `tbl_budget`
  ADD CONSTRAINT `tbl_budget_ibfk_1` FOREIGN KEY (`yearID`) REFERENCES `tbl_year` (`yearID`) ON DELETE SET NULL ON UPDATE SET NULL;

--
-- Constraints for table `tbl_monthly`
--
ALTER TABLE `tbl_monthly`
  ADD CONSTRAINT `tbl_monthly_ibfk_1` FOREIGN KEY (`month`) REFERENCES `tbl_months` (`monthID`),
  ADD CONSTRAINT `tbl_monthly_ibfk_2` FOREIGN KEY (`year`) REFERENCES `tbl_year` (`yearID`);

--
-- Constraints for table `tbl_paymentconcerns`
--
ALTER TABLE `tbl_paymentconcerns`
  ADD CONSTRAINT `tbl_paymentconcerns_ibfk_1` FOREIGN KEY (`accountID`) REFERENCES `tbl_homeowners` (`accountID`);
COMMIT;

/*!40101 SET CHARACTER_SET_CLIENT=@OLD_CHARACTER_SET_CLIENT */;
/*!40101 SET CHARACTER_SET_RESULTS=@OLD_CHARACTER_SET_RESULTS */;
/*!40101 SET COLLATION_CONNECTION=@OLD_COLLATION_CONNECTION */;
